run_id,recorded_at,snapshot_ts_utc,poll_window_start_utc,poll_window_end_utc,mode,status,source,source_path,output_path,output_rel_path,file_size_bytes,sha256,notes
alerts_sidecar_20260317T203007Z,2026-03-17T20:30:07Z,2026-03-17T20:30:07Z,2026-03-17T20:30:00Z,2026-03-17T21:00:00Z,test,ok_test_mode,latest_local_snapshot,/Users/om-college/Work/2 Canada/York/Winter26/DataViz/Project/eda/gtfsrt_eda_outputs/raw/alerts_20260311T073525Z.pb,/Users/om-college/Work/2 Canada/York/Winter26/DataViz/Project/ttc_pulse/alerts/raw_snapshots/alerts_20260317T203007Z.pb,alerts/raw_snapshots/alerts_20260317T203007Z.pb,7462,b299baeeb51856d727c87539ae32f5887e6569564f3d0a20f0c974de4e2d3648,
alerts_sidecar_20260317T213822Z,2026-03-17T21:38:23Z,2026-03-17T21:38:22Z,2026-03-17T21:30:00Z,2026-03-17T22:00:00Z,live,ok,live_endpoint,,/Users/om-college/Work/2 Canada/York/Winter26/DataViz/Project/ttc_pulse/alerts/raw_snapshots/alerts_20260317T213822Z.pb,alerts/raw_snapshots/alerts_20260317T213822Z.pb,6758,2ce6532cb9d74370dce8729762c7a02bd555128932b620dec22894da779cf45d,
alerts_sidecar_20260323T015030Z,2026-03-23T01:50:30Z,2026-03-23T01:50:30Z,2026-03-23T01:30:00Z,2026-03-23T02:00:00Z,test,ok_test_mode,latest_local_snapshot,/Users/om-college/Work/2 Canada/York/Winter26/DataViz/Project/ttc_pulse/alerts/raw_snapshots/alerts_20260317T213822Z.pb,/Users/om-college/Work/2 Canada/York/Winter26/DataViz/Project/ttc_pulse/alerts/raw_snapshots/alerts_20260323T015030Z.pb,alerts/raw_snapshots/alerts_20260323T015030Z.pb,6758,2ce6532cb9d74370dce8729762c7a02bd555128932b620dec22894da779cf45d,
alerts_sidecar_20260323T042630Z,2026-03-23T04:26:30Z,2026-03-23T04:26:30Z,2026-03-23T04:00:00Z,2026-03-23T04:30:00Z,live,ok,live_endpoint,,/Users/om-college/Work/2 Canada/York/Winter26/DataViz/Project/ttc_pulse/alerts/raw_snapshots/alerts_20260323T042630Z.pb,alerts/raw_snapshots/alerts_20260323T042630Z.pb,2228,dae7cf4dae1501245d6d672ace4c61992ea48cf3fadef2f1a8bd86fd5ac2e691,
alerts_sidecar_20260323T044357Z,2026-03-23T04:43:57Z,2026-03-23T04:43:57Z,2026-03-23T04:30:00Z,2026-03-23T05:00:00Z,live,ok,live_endpoint,,/Users/om-college/Work/2 Canada/York/Winter26/DataViz/Project/ttc_pulse/alerts/raw_snapshots/alerts_20260323T044357Z.pb,alerts/raw_snapshots/alerts_20260323T044357Z.pb,2228,f065232b262e4360c5074ff647546e07b306241ec1439b9d6305fe8b61be6df1,
alerts_sidecar_20260323T044438Z,2026-03-23T04:44:39Z,2026-03-23T04:44:38Z,2026-03-23T04:30:00Z,2026-03-23T05:00:00Z,live,ok,live_endpoint,,/Users/om-college/Work/2 Canada/York/Winter26/DataViz/Project/ttc_pulse/alerts/raw_snapshots/alerts_20260323T044438Z.pb,alerts/raw_snapshots/alerts_20260323T044438Z.pb,2228,a441aaa7d1d47eede06dc4746813b0011bab33c1361713e2992eab1ea68c13ef,
alerts_sidecar_20260323T051358Z,2026-03-23T05:13:58Z,2026-03-23T05:13:58Z,2026-03-23T05:00:00Z,2026-03-23T05:30:00Z,live,ok,live_endpoint,,/Users/om-college/Work/2 Canada/York/Winter26/DataViz/Project/ttc_pulse/alerts/raw_snapshots/alerts_20260323T051358Z.pb,alerts/raw_snapshots/alerts_20260323T051358Z.pb,2067,1b51603e223d5787bc693a92dfe1d726a829c772861a4bcbd3b176e0537e051c,
alerts_sidecar_20260323T054358Z,2026-03-23T05:43:58Z,2026-03-23T05:43:58Z,2026-03-23T05:30:00Z,2026-03-23T06:00:00Z,live,ok,live_endpoint,,/Users/om-college/Work/2 Canada/York/Winter26/DataViz/Project/ttc_pulse/alerts/raw_snapshots/alerts_20260323T054358Z.pb,alerts/raw_snapshots/alerts_20260323T054358Z.pb,2067,7d9206391ad83f6516b9cba171dacc7f04e8dad904780ed0443924ed5b4d690e,
alerts_sidecar_20260323T061359Z,2026-03-23T06:13:59Z,2026-03-23T06:13:59Z,2026-03-23T06:00:00Z,2026-03-23T06:30:00Z,live,ok,live_endpoint,,/Users/om-college/Work/2 Canada/York/Winter26/DataViz/Project/ttc_pulse/alerts/raw_snapshots/alerts_20260323T061359Z.pb,alerts/raw_snapshots/alerts_20260323T061359Z.pb,2418,8c9e2324231c4dbe9957522e8d1551cb85854a33d46aabff54d4658877af56ac,
alerts_sidecar_20260323T064400Z,2026-03-23T06:44:00Z,2026-03-23T06:44:00Z,2026-03-23T06:30:00Z,2026-03-23T07:00:00Z,live,ok,live_endpoint,,/Users/om-college/Work/2 Canada/York/Winter26/DataViz/Project/ttc_pulse/alerts/raw_snapshots/alerts_20260323T064400Z.pb,alerts/raw_snapshots/alerts_20260323T064400Z.pb,2418,d217a4c92045b6083d2efe15e42679a0a1161647d023ac88491845197efdaeda,
alerts_sidecar_20260323T071400Z,2026-03-23T07:14:01Z,2026-03-23T07:14:00Z,2026-03-23T07:00:00Z,2026-03-23T07:30:00Z,live,ok,live_endpoint,,/Users/om-college/Work/2 Canada/York/Winter26/DataViz/Project/ttc_pulse/alerts/raw_snapshots/alerts_20260323T071400Z.pb,alerts/raw_snapshots/alerts_20260323T071400Z.pb,2067,95f4850701644627adb74142bab0daf90c8e26592efc77ab963eac3a8a69c908,
alerts_sidecar_20260323T074401Z,2026-03-23T07:44:01Z,2026-03-23T07:44:01Z,2026-03-23T07:30:00Z,2026-03-23T08:00:00Z,live,ok,live_endpoint,,/Users/om-college/Work/2 Canada/York/Winter26/DataViz/Project/ttc_pulse/alerts/raw_snapshots/alerts_20260323T074401Z.pb,alerts/raw_snapshots/alerts_20260323T074401Z.pb,982,03d40757a07d7101d39aef5f019fc3f0f6183f0bd29c9e131a8176854444e595,
alerts_sidecar_20260323T081401Z,2026-03-23T08:14:02Z,2026-03-23T08:14:01Z,2026-03-23T08:00:00Z,2026-03-23T08:30:00Z,live,ok,live_endpoint,,/Users/om-college/Work/2 Canada/York/Winter26/DataViz/Project/ttc_pulse/alerts/raw_snapshots/alerts_20260323T081401Z.pb,alerts/raw_snapshots/alerts_20260323T081401Z.pb,982,8ff4d085cccf859ba3e6b2ff4602caad78cc1499e8cdead66108856ae6f13a33,
alerts_sidecar_20260323T084402Z,2026-03-23T08:44:02Z,2026-03-23T08:44:02Z,2026-03-23T08:30:00Z,2026-03-23T09:00:00Z,live,ok,live_endpoint,,/Users/om-college/Work/2 Canada/York/Winter26/DataViz/Project/ttc_pulse/alerts/raw_snapshots/alerts_20260323T084402Z.pb,alerts/raw_snapshots/alerts_20260323T084402Z.pb,982,e333a4e8d7af179227b2d75574cde8e52d10ac6f3e7857c17b882935c04dc2b2,
alerts_sidecar_20260323T091403Z,2026-03-23T09:14:03Z,2026-03-23T09:14:03Z,2026-03-23T09:00:00Z,2026-03-23T09:30:00Z,live,ok,live_endpoint,,/Users/om-college/Work/2 Canada/York/Winter26/DataViz/Project/ttc_pulse/alerts/raw_snapshots/alerts_20260323T091403Z.pb,alerts/raw_snapshots/alerts_20260323T091403Z.pb,982,3620e8646e7a863ebad2d4e869c739811872641e32c609c7e1dc781342b08c3d,
alerts_sidecar_20260323T094403Z,2026-03-23T09:44:03Z,2026-03-23T09:44:03Z,2026-03-23T09:30:00Z,2026-03-23T10:00:00Z,live,ok,live_endpoint,,/Users/om-college/Work/2 Canada/York/Winter26/DataViz/Project/ttc_pulse/alerts/raw_snapshots/alerts_20260323T094403Z.pb,alerts/raw_snapshots/alerts_20260323T094403Z.pb,982,c8547ad9b6f5cf2481db3c1de7fb4a8c0c6828a734cc7b321879084f5f166d22,
alerts_sidecar_20260323T101404Z,2026-03-23T10:14:04Z,2026-03-23T10:14:04Z,2026-03-23T10:00:00Z,2026-03-23T10:30:00Z,live,ok,live_endpoint,,/Users/om-college/Work/2 Canada/York/Winter26/DataViz/Project/ttc_pulse/alerts/raw_snapshots/alerts_20260323T101404Z.pb,alerts/raw_snapshots/alerts_20260323T101404Z.pb,982,f3c560ead58493e10965f8d1aa1d724991da9887ce65e2808f61ec8e8186de9c,
alerts_sidecar_20260323T104405Z,2026-03-23T10:44:05Z,2026-03-23T10:44:05Z,2026-03-23T10:30:00Z,2026-03-23T11:00:00Z,live,ok,live_endpoint,,/Users/om-college/Work/2 Canada/York/Winter26/DataViz/Project/ttc_pulse/alerts/raw_snapshots/alerts_20260323T104405Z.pb,alerts/raw_snapshots/alerts_20260323T104405Z.pb,982,86f874a2cbc7711499479e8051f94cd425d8066a0f866678431f2ab6fa5633bc,
alerts_sidecar_20260323T111405Z,2026-03-23T11:14:05Z,2026-03-23T11:14:05Z,2026-03-23T11:00:00Z,2026-03-23T11:30:00Z,live,ok,live_endpoint,,/Users/om-college/Work/2 Canada/York/Winter26/DataViz/Project/ttc_pulse/alerts/raw_snapshots/alerts_20260323T111405Z.pb,alerts/raw_snapshots/alerts_20260323T111405Z.pb,982,4dd26033f757369a6e2d124be3328736299de90bf6e4784e1ede6bd50654ca75,
alerts_sidecar_20260323T114406Z,2026-03-23T11:44:06Z,2026-03-23T11:44:06Z,2026-03-23T11:30:00Z,2026-03-23T12:00:00Z,live,ok,live_endpoint,,/Users/om-college/Work/2 Canada/York/Winter26/DataViz/Project/ttc_pulse/alerts/raw_snapshots/alerts_20260323T114406Z.pb,alerts/raw_snapshots/alerts_20260323T114406Z.pb,1325,5562594916d99be0738afdc36ffaf5ab617824c0bf3b00df98ec7ddecee9b27a,
alerts_sidecar_20260323T121406Z,2026-03-23T12:14:06Z,2026-03-23T12:14:06Z,2026-03-23T12:00:00Z,2026-03-23T12:30:00Z,live,ok,live_endpoint,,/Users/om-college/Work/2 Canada/York/Winter26/DataViz/Project/ttc_pulse/alerts/raw_snapshots/alerts_20260323T121406Z.pb,alerts/raw_snapshots/alerts_20260323T121406Z.pb,1325,75672ba9e601d2946fec40fc19f2dbfae42e5a24c9305703324184d0f97e5a17,
alerts_sidecar_20260323T124407Z,2026-03-23T12:44:07Z,2026-03-23T12:44:07Z,2026-03-23T12:30:00Z,2026-03-23T13:00:00Z,live,ok,live_endpoint,,/Users/om-college/Work/2 Canada/York/Winter26/DataViz/Project/ttc_pulse/alerts/raw_snapshots/alerts_20260323T124407Z.pb,alerts/raw_snapshots/alerts_20260323T124407Z.pb,1537,a4150b411a6a5d4c7edf44b8d0a07072501fd7a5e7f3102d5844218e5a9f23c9,
alerts_sidecar_20260323T131408Z,2026-03-23T13:14:08Z,2026-03-23T13:14:08Z,2026-03-23T13:00:00Z,2026-03-23T13:30:00Z,live,ok,live_endpoint,,/Users/om-college/Work/2 Canada/York/Winter26/DataViz/Project/ttc_pulse/alerts/raw_snapshots/alerts_20260323T131408Z.pb,alerts/raw_snapshots/alerts_20260323T131408Z.pb,1325,c549f0c012f48bf1f9e4213346c5dfe2efa39f8b01849ae73a3a4f78087ccec4,
alerts_sidecar_20260323T134408Z,2026-03-23T13:44:08Z,2026-03-23T13:44:08Z,2026-03-23T13:30:00Z,2026-03-23T14:00:00Z,live,ok,live_endpoint,,/Users/om-college/Work/2 Canada/York/Winter26/DataViz/Project/ttc_pulse/alerts/raw_snapshots/alerts_20260323T134408Z.pb,alerts/raw_snapshots/alerts_20260323T134408Z.pb,2033,07eec019387e3091f5df84f2e740ec573648809cf4547bbe6682a87e2cd3e9d9,
alerts_sidecar_20260323T141409Z,2026-03-23T14:14:09Z,2026-03-23T14:14:09Z,2026-03-23T14:00:00Z,2026-03-23T14:30:00Z,live,ok,live_endpoint,,/Users/om-college/Work/2 Canada/York/Winter26/DataViz/Project/ttc_pulse/alerts/raw_snapshots/alerts_20260323T141409Z.pb,alerts/raw_snapshots/alerts_20260323T141409Z.pb,2268,a3b083e0d127e3eac9e6a908914ea03e3aab9bb1e208034aedcde2705f96dde8,
alerts_sidecar_20260323T144409Z,2026-03-23T14:44:09Z,2026-03-23T14:44:09Z,2026-03-23T14:30:00Z,2026-03-23T15:00:00Z,live,ok,live_endpoint,,/Users/om-college/Work/2 Canada/York/Winter26/DataViz/Project/ttc_pulse/alerts/raw_snapshots/alerts_20260323T144409Z.pb,alerts/raw_snapshots/alerts_20260323T144409Z.pb,1979,18fb4a735d418b917bccc090d32fb0cae8a75b0191abfb1a39978db81655f76f,
alerts_sidecar_20260323T151410Z,2026-03-23T15:14:10Z,2026-03-23T15:14:10Z,2026-03-23T15:00:00Z,2026-03-23T15:30:00Z,live,ok,live_endpoint,,/Users/om-college/Work/2 Canada/York/Winter26/DataViz/Project/ttc_pulse/alerts/raw_snapshots/alerts_20260323T151410Z.pb,alerts/raw_snapshots/alerts_20260323T151410Z.pb,1556,370d90d6db5854d5fe53435faea0631bd7131511deafd5cecbefdb49c65e1a5d,
alerts_sidecar_20260323T154410Z,2026-03-23T15:44:11Z,2026-03-23T15:44:10Z,2026-03-23T15:30:00Z,2026-03-23T16:00:00Z,live,ok,live_endpoint,,/Users/om-college/Work/2 Canada/York/Winter26/DataViz/Project/ttc_pulse/alerts/raw_snapshots/alerts_20260323T154410Z.pb,alerts/raw_snapshots/alerts_20260323T154410Z.pb,1750,6843f05323854a896cb0acd2f7d0b02024386b1594cb99af6a5c14a59300abbb,
alerts_sidecar_20260323T161411Z,2026-03-23T16:14:11Z,2026-03-23T16:14:11Z,2026-03-23T16:00:00Z,2026-03-23T16:30:00Z,live,ok,live_endpoint,,/Users/om-college/Work/2 Canada/York/Winter26/DataViz/Project/ttc_pulse/alerts/raw_snapshots/alerts_20260323T161411Z.pb,alerts/raw_snapshots/alerts_20260323T161411Z.pb,1556,8cce21e7236a0f8a1e0eec351c96fe6aa87a84e3644703336c2e7ef8271d72ab,
alerts_sidecar_20260323T164412Z,2026-03-23T16:44:12Z,2026-03-23T16:44:12Z,2026-03-23T16:30:00Z,2026-03-23T17:00:00Z,live,ok,live_endpoint,,/Users/om-college/Work/2 Canada/York/Winter26/DataViz/Project/ttc_pulse/alerts/raw_snapshots/alerts_20260323T164412Z.pb,alerts/raw_snapshots/alerts_20260323T164412Z.pb,1556,fa2c01b6c469342d00883f3b9ca4a6f84eaea450c28812fd9c3f3132c684fa65,
alerts_sidecar_20260323T171412Z,2026-03-23T17:14:12Z,2026-03-23T17:14:12Z,2026-03-23T17:00:00Z,2026-03-23T17:30:00Z,live,ok,live_endpoint,,/Users/om-college/Work/2 Canada/York/Winter26/DataViz/Project/ttc_pulse/alerts/raw_snapshots/alerts_20260323T171412Z.pb,alerts/raw_snapshots/alerts_20260323T171412Z.pb,2043,3ad1f558120c76a15e69ac3df9234fbe53ff356a6fee54308692240cb17143a8,
alerts_sidecar_20260323T174413Z,2026-03-23T17:44:13Z,2026-03-23T17:44:13Z,2026-03-23T17:30:00Z,2026-03-23T18:00:00Z,live,ok,live_endpoint,,/Users/om-college/Work/2 Canada/York/Winter26/DataViz/Project/ttc_pulse/alerts/raw_snapshots/alerts_20260323T174413Z.pb,alerts/raw_snapshots/alerts_20260323T174413Z.pb,1916,d084491c94e83750c7095bceec6edcfcc1dbadda85a4759772a17f07b033dc79,
alerts_sidecar_20260323T181413Z,2026-03-23T18:14:13Z,2026-03-23T18:14:13Z,2026-03-23T18:00:00Z,2026-03-23T18:30:00Z,live,ok,live_endpoint,,/Users/om-college/Work/2 Canada/York/Winter26/DataViz/Project/ttc_pulse/alerts/raw_snapshots/alerts_20260323T181413Z.pb,alerts/raw_snapshots/alerts_20260323T181413Z.pb,1556,3c820cdf50f8c66c330edb6d2a3926731046db9cc03db0afd7dd03fa33450c1d,
alerts_sidecar_20260323T184414Z,2026-03-23T18:44:14Z,2026-03-23T18:44:14Z,2026-03-23T18:30:00Z,2026-03-23T19:00:00Z,live,ok,live_endpoint,,/Users/om-college/Work/2 Canada/York/Winter26/DataViz/Project/ttc_pulse/alerts/raw_snapshots/alerts_20260323T184414Z.pb,alerts/raw_snapshots/alerts_20260323T184414Z.pb,1556,cd6200d967da0b4612463d447889a5295183455b7488d5fa7ed653663ff3f8af,
alerts_sidecar_20260323T191415Z,2026-03-23T19:14:15Z,2026-03-23T19:14:15Z,2026-03-23T19:00:00Z,2026-03-23T19:30:00Z,live,ok,live_endpoint,,/Users/om-college/Work/2 Canada/York/Winter26/DataViz/Project/ttc_pulse/alerts/raw_snapshots/alerts_20260323T191415Z.pb,alerts/raw_snapshots/alerts_20260323T191415Z.pb,1213,6129f3fd685f005790704838c5ced41b72d643817c94631057a9887f9780bdbf,
alerts_sidecar_20260323T224822Z,2026-03-23T22:48:23Z,2026-03-23T22:48:22Z,2026-03-23T22:30:00Z,2026-03-23T23:00:00Z,live,ok,live_endpoint,,/Users/om-college/Work/2 Canada/York/Winter26/DataViz/Project/ttc_pulse/alerts/raw_snapshots/alerts_20260323T224822Z.pb,alerts/raw_snapshots/alerts_20260323T224822Z.pb,1143,0c998ce0c6dd2da2fb40f13b6ff94e96ca5200d14b576065f7bcd1fb0b4b1cc8,
alerts_sidecar_20260323T231823Z,2026-03-23T23:18:23Z,2026-03-23T23:18:23Z,2026-03-23T23:00:00Z,2026-03-23T23:30:00Z,live,ok,live_endpoint,,/Users/om-college/Work/2 Canada/York/Winter26/DataViz/Project/ttc_pulse/alerts/raw_snapshots/alerts_20260323T231823Z.pb,alerts/raw_snapshots/alerts_20260323T231823Z.pb,1143,b3a270dc35ac278f8d7224200ab092cf88361ecccd482585cd215f1925e946f3,
alerts_sidecar_20260323T234824Z,2026-03-23T23:48:24Z,2026-03-23T23:48:24Z,2026-03-23T23:30:00Z,2026-03-24T00:00:00Z,live,ok,live_endpoint,,/Users/om-college/Work/2 Canada/York/Winter26/DataViz/Project/ttc_pulse/alerts/raw_snapshots/alerts_20260323T234824Z.pb,alerts/raw_snapshots/alerts_20260323T234824Z.pb,1143,54d9f4367d473e4d6b8145740b6fa6cbc3ca4a32d04a558ae7c94f1dc98df71a,
alerts_sidecar_20260324T001825Z,2026-03-24T00:18:25Z,2026-03-24T00:18:25Z,2026-03-24T00:00:00Z,2026-03-24T00:30:00Z,live,ok,live_endpoint,,/Users/om-college/Work/2 Canada/York/Winter26/DataViz/Project/ttc_pulse/alerts/raw_snapshots/alerts_20260324T001825Z.pb,alerts/raw_snapshots/alerts_20260324T001825Z.pb,1360,9ca362ffa1f3d781fd4b6523abbcc53525c3c11ff9a7ec79127defc17d2309cf,
alerts_sidecar_20260324T004825Z,2026-03-24T00:48:25Z,2026-03-24T00:48:25Z,2026-03-24T00:30:00Z,2026-03-24T01:00:00Z,live,ok,live_endpoint,,/Users/om-college/Work/2 Canada/York/Winter26/DataViz/Project/ttc_pulse/alerts/raw_snapshots/alerts_20260324T004825Z.pb,alerts/raw_snapshots/alerts_20260324T004825Z.pb,1360,eb85c005c9e3b919cee093c4e41e649c3bd2c54deefee812e27064ebcbc6f3d5,
alerts_sidecar_20260324T011826Z,2026-03-24T01:18:26Z,2026-03-24T01:18:26Z,2026-03-24T01:00:00Z,2026-03-24T01:30:00Z,live,ok,live_endpoint,,/Users/om-college/Work/2 Canada/York/Winter26/DataViz/Project/ttc_pulse/alerts/raw_snapshots/alerts_20260324T011826Z.pb,alerts/raw_snapshots/alerts_20260324T011826Z.pb,1635,5efa4a3a8a51617684faa7e14b0757c2e34a6898041aaddfeab7123fcfd9c55c,
alerts_sidecar_20260324T014826Z,2026-03-24T01:48:26Z,2026-03-24T01:48:26Z,2026-03-24T01:30:00Z,2026-03-24T02:00:00Z,live,ok,live_endpoint,,/Users/om-college/Work/2 Canada/York/Winter26/DataViz/Project/ttc_pulse/alerts/raw_snapshots/alerts_20260324T014826Z.pb,alerts/raw_snapshots/alerts_20260324T014826Z.pb,1694,20e469cf6b2d690f5dc9bc3620f11c9a819ba5ba381af1cb01e19ac8aae0e2e1,
alerts_sidecar_20260324T021827Z,2026-03-24T02:18:27Z,2026-03-24T02:18:27Z,2026-03-24T02:00:00Z,2026-03-24T02:30:00Z,live,ok,live_endpoint,,/Users/om-college/Work/2 Canada/York/Winter26/DataViz/Project/ttc_pulse/alerts/raw_snapshots/alerts_20260324T021827Z.pb,alerts/raw_snapshots/alerts_20260324T021827Z.pb,1694,35b5df0d25420c66edf199634db115965b62de3dc7909b1d75cbf1352058a174,
alerts_sidecar_20260324T024828Z,2026-03-24T02:48:28Z,2026-03-24T02:48:28Z,2026-03-24T02:30:00Z,2026-03-24T03:00:00Z,live,ok,live_endpoint,,/Users/om-college/Work/2 Canada/York/Winter26/DataViz/Project/ttc_pulse/alerts/raw_snapshots/alerts_20260324T024828Z.pb,alerts/raw_snapshots/alerts_20260324T024828Z.pb,1492,a84bece4443e9e121f46338d72873f8b122733b2950447b760506b3b65e29110,
alerts_sidecar_20260324T031829Z,2026-03-24T03:18:29Z,2026-03-24T03:18:29Z,2026-03-24T03:00:00Z,2026-03-24T03:30:00Z,live,ok,live_endpoint,,/Users/om-college/Work/2 Canada/York/Winter26/DataViz/Project/ttc_pulse/alerts/raw_snapshots/alerts_20260324T031829Z.pb,alerts/raw_snapshots/alerts_20260324T031829Z.pb,1695,878c5a2a46f192141f2c8acf258f09638f18895ab77898d6ce23fc4393d756ec,
alerts_sidecar_20260324T034830Z,2026-03-24T03:48:30Z,2026-03-24T03:48:30Z,2026-03-24T03:30:00Z,2026-03-24T04:00:00Z,live,ok,live_endpoint,,/Users/om-college/Work/2 Canada/York/Winter26/DataViz/Project/ttc_pulse/alerts/raw_snapshots/alerts_20260324T034830Z.pb,alerts/raw_snapshots/alerts_20260324T034830Z.pb,1695,9b8caf3b09a18ab2802826cbb06046498eda25f9c910e22a7a05a6320c9acbc7,
alerts_sidecar_20260324T041830Z,2026-03-24T04:18:31Z,2026-03-24T04:18:30Z,2026-03-24T04:00:00Z,2026-03-24T04:30:00Z,live,ok,live_endpoint,,/Users/om-college/Work/2 Canada/York/Winter26/DataViz/Project/ttc_pulse/alerts/raw_snapshots/alerts_20260324T041830Z.pb,alerts/raw_snapshots/alerts_20260324T041830Z.pb,1492,830b615d7236a6335681319cbd42531005b42840528de66f8258bee9d20503c5,
alerts_sidecar_20260324T044831Z,2026-03-24T04:48:31Z,2026-03-24T04:48:31Z,2026-03-24T04:30:00Z,2026-03-24T05:00:00Z,live,ok,live_endpoint,,/Users/om-college/Work/2 Canada/York/Winter26/DataViz/Project/ttc_pulse/alerts/raw_snapshots/alerts_20260324T044831Z.pb,alerts/raw_snapshots/alerts_20260324T044831Z.pb,1492,61bfefe31c41d90f83cb58f189546b3d2b5716245b38bd4d57aebac3e52d9af8,
alerts_sidecar_20260324T051831Z,2026-03-24T05:18:32Z,2026-03-24T05:18:31Z,2026-03-24T05:00:00Z,2026-03-24T05:30:00Z,live,ok,live_endpoint,,/Users/om-college/Work/2 Canada/York/Winter26/DataViz/Project/ttc_pulse/alerts/raw_snapshots/alerts_20260324T051831Z.pb,alerts/raw_snapshots/alerts_20260324T051831Z.pb,1316,f3a4485a5b2ea7db13afaaec658ab8a850cc080a7bd0c8ea2404958eb3f51a82,
alerts_sidecar_20260324T054832Z,2026-03-24T05:48:32Z,2026-03-24T05:48:32Z,2026-03-24T05:30:00Z,2026-03-24T06:00:00Z,live,ok,live_endpoint,,/Users/om-college/Work/2 Canada/York/Winter26/DataViz/Project/ttc_pulse/alerts/raw_snapshots/alerts_20260324T054832Z.pb,alerts/raw_snapshots/alerts_20260324T054832Z.pb,1194,33989ea1ec5bc7fe1e01966b6c431bd70f06a8999ec9564d1da29d6c6b1e3c69,
alerts_sidecar_20260324T061833Z,2026-03-24T06:18:33Z,2026-03-24T06:18:33Z,2026-03-24T06:00:00Z,2026-03-24T06:30:00Z,live,ok,live_endpoint,,/Users/om-college/Work/2 Canada/York/Winter26/DataViz/Project/ttc_pulse/alerts/raw_snapshots/alerts_20260324T061833Z.pb,alerts/raw_snapshots/alerts_20260324T061833Z.pb,982,bd7e11237ea3fb84a2ba32c51022ef08671befe4a17ad34cdb3fc8fc426c31a3,
alerts_sidecar_20260324T064833Z,2026-03-24T06:48:33Z,2026-03-24T06:48:33Z,2026-03-24T06:30:00Z,2026-03-24T07:00:00Z,live,ok,live_endpoint,,/Users/om-college/Work/2 Canada/York/Winter26/DataViz/Project/ttc_pulse/alerts/raw_snapshots/alerts_20260324T064833Z.pb,alerts/raw_snapshots/alerts_20260324T064833Z.pb,982,3f686f0fbbfa9ccc034f1c8a7dbee21a31c03ff1844e17225ddfc908d398b19c,
alerts_sidecar_20260324T071834Z,2026-03-24T07:18:34Z,2026-03-24T07:18:34Z,2026-03-24T07:00:00Z,2026-03-24T07:30:00Z,live,ok,live_endpoint,,/Users/om-college/Work/2 Canada/York/Winter26/DataViz/Project/ttc_pulse/alerts/raw_snapshots/alerts_20260324T071834Z.pb,alerts/raw_snapshots/alerts_20260324T071834Z.pb,982,7191aa20dea8547ec4ffedd39f935ec6b6c41b752c6ee9adad161d079c73f66f,
alerts_sidecar_20260324T074834Z,2026-03-24T07:48:34Z,2026-03-24T07:48:34Z,2026-03-24T07:30:00Z,2026-03-24T08:00:00Z,live,ok,live_endpoint,,/Users/om-college/Work/2 Canada/York/Winter26/DataViz/Project/ttc_pulse/alerts/raw_snapshots/alerts_20260324T074834Z.pb,alerts/raw_snapshots/alerts_20260324T074834Z.pb,982,430937cbc69368d0e9a5bc364e93a9e0e54f77c6c1f87bb38c76fcc8dba6d4d3,
alerts_sidecar_20260324T081835Z,2026-03-24T08:18:35Z,2026-03-24T08:18:35Z,2026-03-24T08:00:00Z,2026-03-24T08:30:00Z,live,ok,live_endpoint,,/Users/om-college/Work/2 Canada/York/Winter26/DataViz/Project/ttc_pulse/alerts/raw_snapshots/alerts_20260324T081835Z.pb,alerts/raw_snapshots/alerts_20260324T081835Z.pb,982,10a8ace19da6cb76801ad2183d2954f5175f5e9c92a00b7bd6165e2774b6b372,
alerts_sidecar_20260324T084835Z,2026-03-24T08:48:35Z,2026-03-24T08:48:35Z,2026-03-24T08:30:00Z,2026-03-24T09:00:00Z,live,ok,live_endpoint,,/Users/om-college/Work/2 Canada/York/Winter26/DataViz/Project/ttc_pulse/alerts/raw_snapshots/alerts_20260324T084835Z.pb,alerts/raw_snapshots/alerts_20260324T084835Z.pb,982,7677f0939d80d9bb4dcb21d8f97ea53a88a1404f7558ecc3cb976784f9daafde,
alerts_sidecar_20260324T091836Z,2026-03-24T09:18:36Z,2026-03-24T09:18:36Z,2026-03-24T09:00:00Z,2026-03-24T09:30:00Z,live,ok,live_endpoint,,/Users/om-college/Work/2 Canada/York/Winter26/DataViz/Project/ttc_pulse/alerts/raw_snapshots/alerts_20260324T091836Z.pb,alerts/raw_snapshots/alerts_20260324T091836Z.pb,982,639f72b149ff1a213bdd18f64fe166a053544b2a453aec8e7a631ecfe298b1d3,
alerts_sidecar_20260324T094836Z,2026-03-24T09:48:36Z,2026-03-24T09:48:36Z,2026-03-24T09:30:00Z,2026-03-24T10:00:00Z,live,ok,live_endpoint,,/Users/om-college/Work/2 Canada/York/Winter26/DataViz/Project/ttc_pulse/alerts/raw_snapshots/alerts_20260324T094836Z.pb,alerts/raw_snapshots/alerts_20260324T094836Z.pb,982,d00338d7b275fd5920cd31508b8c7a960fcbb16a2cec546217f42b8893cf6923,
alerts_sidecar_20260324T101837Z,2026-03-24T10:18:37Z,2026-03-24T10:18:37Z,2026-03-24T10:00:00Z,2026-03-24T10:30:00Z,live,ok,live_endpoint,,/Users/om-college/Work/2 Canada/York/Winter26/DataViz/Project/ttc_pulse/alerts/raw_snapshots/alerts_20260324T101837Z.pb,alerts/raw_snapshots/alerts_20260324T101837Z.pb,1162,1205f77d2a1a46889e83048dfa09c3ffdd96649adcbf3ed1abdb35280ed7ec43,
alerts_sidecar_20260324T104837Z,2026-03-24T10:48:37Z,2026-03-24T10:48:37Z,2026-03-24T10:30:00Z,2026-03-24T11:00:00Z,live,ok,live_endpoint,,/Users/om-college/Work/2 Canada/York/Winter26/DataViz/Project/ttc_pulse/alerts/raw_snapshots/alerts_20260324T104837Z.pb,alerts/raw_snapshots/alerts_20260324T104837Z.pb,982,4e785528fccb2ad77217a1bd258d481c73fecdd8c08dff9bb5909bded000a345,
alerts_sidecar_20260324T111838Z,2026-03-24T11:18:38Z,2026-03-24T11:18:38Z,2026-03-24T11:00:00Z,2026-03-24T11:30:00Z,live,ok,live_endpoint,,/Users/om-college/Work/2 Canada/York/Winter26/DataViz/Project/ttc_pulse/alerts/raw_snapshots/alerts_20260324T111838Z.pb,alerts/raw_snapshots/alerts_20260324T111838Z.pb,982,3b00e250b12d6dca5e4473ecf5bf9b6257d7ea646e2a39359a31307f9f5f6376,
alerts_sidecar_20260324T114839Z,2026-03-24T11:48:39Z,2026-03-24T11:48:39Z,2026-03-24T11:30:00Z,2026-03-24T12:00:00Z,live,ok,live_endpoint,,/Users/om-college/Work/2 Canada/York/Winter26/DataViz/Project/ttc_pulse/alerts/raw_snapshots/alerts_20260324T114839Z.pb,alerts/raw_snapshots/alerts_20260324T114839Z.pb,1264,41cb717d782da376f8e045d876d45373bc624a885fcedf4b1f25511826e7bb0b,
alerts_sidecar_20260324T121839Z,2026-03-24T12:18:39Z,2026-03-24T12:18:39Z,2026-03-24T12:00:00Z,2026-03-24T12:30:00Z,live,ok,live_endpoint,,/Users/om-college/Work/2 Canada/York/Winter26/DataViz/Project/ttc_pulse/alerts/raw_snapshots/alerts_20260324T121839Z.pb,alerts/raw_snapshots/alerts_20260324T121839Z.pb,1554,162726824fbc2b84ab34393cb06db77f63e9a795e7ba743c980a322f2efbc6a6,
alerts_sidecar_20260324T124840Z,2026-03-24T12:48:40Z,2026-03-24T12:48:40Z,2026-03-24T12:30:00Z,2026-03-24T13:00:00Z,live,ok,live_endpoint,,/Users/om-college/Work/2 Canada/York/Winter26/DataViz/Project/ttc_pulse/alerts/raw_snapshots/alerts_20260324T124840Z.pb,alerts/raw_snapshots/alerts_20260324T124840Z.pb,1836,fb41024072f8ef96973450dcbf54b195013859fd727dec90d2c5638e1155fb52,
alerts_sidecar_20260324T131841Z,2026-03-24T13:18:41Z,2026-03-24T13:18:41Z,2026-03-24T13:00:00Z,2026-03-24T13:30:00Z,live,ok,live_endpoint,,/Users/om-college/Work/2 Canada/York/Winter26/DataViz/Project/ttc_pulse/alerts/raw_snapshots/alerts_20260324T131841Z.pb,alerts/raw_snapshots/alerts_20260324T131841Z.pb,2192,20e3015590f3641d6028e3f9aa666b8f3f3bd9f88baae01dd72257d5e1876adc,
alerts_sidecar_20260324T134841Z,2026-03-24T13:48:42Z,2026-03-24T13:48:41Z,2026-03-24T13:30:00Z,2026-03-24T14:00:00Z,live,ok,live_endpoint,,/Users/om-college/Work/2 Canada/York/Winter26/DataViz/Project/ttc_pulse/alerts/raw_snapshots/alerts_20260324T134841Z.pb,alerts/raw_snapshots/alerts_20260324T134841Z.pb,1826,8e97e7f4a4b39c3be5abcda45a6fd70fe57b827b89abc5e0d8d1297ae141f6c5,
alerts_sidecar_20260324T141842Z,2026-03-24T14:18:42Z,2026-03-24T14:18:42Z,2026-03-24T14:00:00Z,2026-03-24T14:30:00Z,live,ok,live_endpoint,,/Users/om-college/Work/2 Canada/York/Winter26/DataViz/Project/ttc_pulse/alerts/raw_snapshots/alerts_20260324T141842Z.pb,alerts/raw_snapshots/alerts_20260324T141842Z.pb,1951,8884ff173babfe83ed1daf43633bb52313aaa42ee0de54895022dd161fd02b0d,
alerts_sidecar_20260324T144843Z,2026-03-24T14:48:43Z,2026-03-24T14:48:43Z,2026-03-24T14:30:00Z,2026-03-24T15:00:00Z,live,ok,live_endpoint,,/Users/om-college/Work/2 Canada/York/Winter26/DataViz/Project/ttc_pulse/alerts/raw_snapshots/alerts_20260324T144843Z.pb,alerts/raw_snapshots/alerts_20260324T144843Z.pb,1951,023d2aae8531af8923ff2e48338437e0e6e836a61cd6793ce5582bec36f9553a,
alerts_sidecar_20260324T151844Z,2026-03-24T15:18:44Z,2026-03-24T15:18:44Z,2026-03-24T15:00:00Z,2026-03-24T15:30:00Z,live,ok,live_endpoint,,/Users/om-college/Work/2 Canada/York/Winter26/DataViz/Project/ttc_pulse/alerts/raw_snapshots/alerts_20260324T151844Z.pb,alerts/raw_snapshots/alerts_20260324T151844Z.pb,2109,9b4c970adaaa99c0fd2ec6a519f274ea46be2e203d76b55920193d04528fee78,
alerts_sidecar_20260324T154844Z,2026-03-24T15:48:44Z,2026-03-24T15:48:44Z,2026-03-24T15:30:00Z,2026-03-24T16:00:00Z,live,ok,live_endpoint,,/Users/om-college/Work/2 Canada/York/Winter26/DataViz/Project/ttc_pulse/alerts/raw_snapshots/alerts_20260324T154844Z.pb,alerts/raw_snapshots/alerts_20260324T154844Z.pb,1498,1361f4053468e1a389179a161a5642f89f8578529beeb89b58720e47d7f49835,
alerts_sidecar_20260324T161845Z,2026-03-24T16:18:45Z,2026-03-24T16:18:45Z,2026-03-24T16:00:00Z,2026-03-24T16:30:00Z,live,ok,live_endpoint,,/Users/om-college/Work/2 Canada/York/Winter26/DataViz/Project/ttc_pulse/alerts/raw_snapshots/alerts_20260324T161845Z.pb,alerts/raw_snapshots/alerts_20260324T161845Z.pb,1498,6d1c2c674c7f8fcd0a77b788c386d91ce99f9559620661fdf2f256a753118d3e,
alerts_sidecar_20260324T164845Z,2026-03-24T16:48:46Z,2026-03-24T16:48:45Z,2026-03-24T16:30:00Z,2026-03-24T17:00:00Z,live,ok,live_endpoint,,/Users/om-college/Work/2 Canada/York/Winter26/DataViz/Project/ttc_pulse/alerts/raw_snapshots/alerts_20260324T164845Z.pb,alerts/raw_snapshots/alerts_20260324T164845Z.pb,1666,596a499a28a8a48e1fe0a72b110f85264aff1ad5eb8faf2ca60d725da4c01fd9,
alerts_sidecar_20260324T171846Z,2026-03-24T17:18:46Z,2026-03-24T17:18:46Z,2026-03-24T17:00:00Z,2026-03-24T17:30:00Z,live,ok,live_endpoint,,/Users/om-college/Work/2 Canada/York/Winter26/DataViz/Project/ttc_pulse/alerts/raw_snapshots/alerts_20260324T171846Z.pb,alerts/raw_snapshots/alerts_20260324T171846Z.pb,1666,da267adb739da321937c7e35a78f8e73b254dba50682bcf0ff3f953b738f15fa,
alerts_sidecar_20260324T174847Z,2026-03-24T17:48:47Z,2026-03-24T17:48:47Z,2026-03-24T17:30:00Z,2026-03-24T18:00:00Z,live,ok,live_endpoint,,/Users/om-college/Work/2 Canada/York/Winter26/DataViz/Project/ttc_pulse/alerts/raw_snapshots/alerts_20260324T174847Z.pb,alerts/raw_snapshots/alerts_20260324T174847Z.pb,1827,4e593188f5f0daa316dbdca71f714bfe1aaac708e8de0ac54098639a2371a997,
alerts_sidecar_20260324T181848Z,2026-03-24T18:18:48Z,2026-03-24T18:18:48Z,2026-03-24T18:00:00Z,2026-03-24T18:30:00Z,live,ok,live_endpoint,,/Users/om-college/Work/2 Canada/York/Winter26/DataViz/Project/ttc_pulse/alerts/raw_snapshots/alerts_20260324T181848Z.pb,alerts/raw_snapshots/alerts_20260324T181848Z.pb,2058,e5bbb5b374f14efa2f6872d4b01f6a6b2c2ee56053a341a83c788d326c1af9dc,
alerts_sidecar_20260324T184849Z,2026-03-24T18:48:49Z,2026-03-24T18:48:49Z,2026-03-24T18:30:00Z,2026-03-24T19:00:00Z,live,ok,live_endpoint,,/Users/om-college/Work/2 Canada/York/Winter26/DataViz/Project/ttc_pulse/alerts/raw_snapshots/alerts_20260324T184849Z.pb,alerts/raw_snapshots/alerts_20260324T184849Z.pb,1827,fb7e3507764b951076081df59e6551d96b080b04a3562719463874ec2e4ea7b9,
alerts_sidecar_20260324T191850Z,2026-03-24T19:18:50Z,2026-03-24T19:18:50Z,2026-03-24T19:00:00Z,2026-03-24T19:30:00Z,live,ok,live_endpoint,,/Users/om-college/Work/2 Canada/York/Winter26/DataViz/Project/ttc_pulse/alerts/raw_snapshots/alerts_20260324T191850Z.pb,alerts/raw_snapshots/alerts_20260324T191850Z.pb,1666,db62a694d0eb3d136ef0ee54e08b7c7c48e702fa1b9907103dae7601ef49935c,
alerts_sidecar_20260324T194851Z,2026-03-24T19:48:51Z,2026-03-24T19:48:51Z,2026-03-24T19:30:00Z,2026-03-24T20:00:00Z,live,ok,live_endpoint,,/Users/om-college/Work/2 Canada/York/Winter26/DataViz/Project/ttc_pulse/alerts/raw_snapshots/alerts_20260324T194851Z.pb,alerts/raw_snapshots/alerts_20260324T194851Z.pb,1432,4dc85246e3302c34db5eeae5867999b2e82ec64b1916979ab48a4a58682c66e1,
alerts_sidecar_20260324T201851Z,2026-03-24T20:18:51Z,2026-03-24T20:18:51Z,2026-03-24T20:00:00Z,2026-03-24T20:30:00Z,live,ok,live_endpoint,,/Users/om-college/Work/2 Canada/York/Winter26/DataViz/Project/ttc_pulse/alerts/raw_snapshots/alerts_20260324T201851Z.pb,alerts/raw_snapshots/alerts_20260324T201851Z.pb,1264,18fbe59ea67cbb30f76ddb15d7d76e4ad012643017220ed96ec9836e13f216cc,
alerts_sidecar_20260324T204852Z,2026-03-24T20:48:52Z,2026-03-24T20:48:52Z,2026-03-24T20:30:00Z,2026-03-24T21:00:00Z,live,ok,live_endpoint,,/Users/om-college/Work/2 Canada/York/Winter26/DataViz/Project/ttc_pulse/alerts/raw_snapshots/alerts_20260324T204852Z.pb,alerts/raw_snapshots/alerts_20260324T204852Z.pb,1264,ee474c7edc45881abcf75f40320cede340b95f7e8fc84fd8d5323c197def940c,
alerts_sidecar_20260324T211853Z,2026-03-24T21:18:53Z,2026-03-24T21:18:53Z,2026-03-24T21:00:00Z,2026-03-24T21:30:00Z,live,ok,live_endpoint,,/Users/om-college/Work/2 Canada/York/Winter26/DataViz/Project/ttc_pulse/alerts/raw_snapshots/alerts_20260324T211853Z.pb,alerts/raw_snapshots/alerts_20260324T211853Z.pb,1264,ef9c6f4ea00ede17df10c4e71f02984aee6ddb5f5eb5b6573c9ee0bfeec30b72,
alerts_sidecar_20260324T214853Z,2026-03-24T21:48:54Z,2026-03-24T21:48:53Z,2026-03-24T21:30:00Z,2026-03-24T22:00:00Z,live,ok,live_endpoint,,/Users/om-college/Work/2 Canada/York/Winter26/DataViz/Project/ttc_pulse/alerts/raw_snapshots/alerts_20260324T214853Z.pb,alerts/raw_snapshots/alerts_20260324T214853Z.pb,1444,b638c1c53f2e2a593561a1313ff027ed104f477c316b8c101202043b72726544,
alerts_sidecar_20260324T221854Z,2026-03-24T22:18:55Z,2026-03-24T22:18:54Z,2026-03-24T22:00:00Z,2026-03-24T22:30:00Z,live,ok,live_endpoint,,/Users/om-college/Work/2 Canada/York/Winter26/DataViz/Project/ttc_pulse/alerts/raw_snapshots/alerts_20260324T221854Z.pb,alerts/raw_snapshots/alerts_20260324T221854Z.pb,1264,ca54dddab5e21eff5dbf29d2d2782dda9b2660b7cb74b185731f9493ae164bc8,
alerts_sidecar_20260324T224855Z,2026-03-24T22:48:55Z,2026-03-24T22:48:55Z,2026-03-24T22:30:00Z,2026-03-24T23:00:00Z,live,ok,live_endpoint,,/Users/om-college/Work/2 Canada/York/Winter26/DataViz/Project/ttc_pulse/alerts/raw_snapshots/alerts_20260324T224855Z.pb,alerts/raw_snapshots/alerts_20260324T224855Z.pb,1264,6a34544e4a4b3273ebbfaa87be155251443017501c4be8cffc55d05b7818e899,
alerts_sidecar_20260324T231856Z,2026-03-24T23:18:56Z,2026-03-24T23:18:56Z,2026-03-24T23:00:00Z,2026-03-24T23:30:00Z,live,ok,live_endpoint,,/Users/om-college/Work/2 Canada/York/Winter26/DataViz/Project/ttc_pulse/alerts/raw_snapshots/alerts_20260324T231856Z.pb,alerts/raw_snapshots/alerts_20260324T231856Z.pb,1607,f8b6dcf7c8c6bf3020ee83d711ff609cf36de690a0c7f39be406bbe112a63ea6,
alerts_sidecar_20260331T173517Z,2026-03-31T17:35:19Z,2026-03-31T17:35:17Z,2026-03-31T17:30:00Z,2026-03-31T18:00:00Z,live,ok,live_endpoint,,TTC-PULSE/alerts/raw_snapshots/alerts_20260331T173517Z.pb,TTC-PULSE/alerts/raw_snapshots/alerts_20260331T173517Z.pb,11885,59709f778cee9ca40ed20067d3e97eef50cde746b3ef0b287e6b5f3bb5d1f1a6,
alerts_sidecar_20260331T173517Z,2026-03-31T17:35:20Z,2026-03-31T17:35:17Z,2026-03-31T17:30:00Z,2026-03-31T18:00:00Z,live,ok,live_endpoint,,TTC-PULSE/alerts/raw_snapshots/alerts_20260331T173517Z.pb,TTC-PULSE/alerts/raw_snapshots/alerts_20260331T173517Z.pb,3503,8f83c9a9750b457ceb5c8bf50bd6dee3c3d174c86ff7d492e589e5479a979de5,
alerts_sidecar_20260331T173517Z,2026-03-31T17:35:20Z,2026-03-31T17:35:17Z,2026-03-31T17:30:00Z,2026-03-31T18:00:00Z,live,ok,live_endpoint,,TTC-PULSE/alerts/raw_snapshots/alerts_20260331T173517Z.pb,TTC-PULSE/alerts/raw_snapshots/alerts_20260331T173517Z.pb,3573,cefafda3d7e30dc02103b27eeaa47b361c9c33913d318245e4561191c932dc51,
alerts_sidecar_20260331T173557Z,2026-03-31T17:36:00Z,2026-03-31T17:35:57Z,2026-03-31T17:30:00Z,2026-03-31T18:00:00Z,live,ok,live_endpoint,,TTC-PULSE/alerts/raw_snapshots/alerts_20260331T173557Z.pb,TTC-PULSE/alerts/raw_snapshots/alerts_20260331T173557Z.pb,11885,2617a7f5e01b9ddfa28bacbde0a8d92ff92f19605b7c8f14877dd072b964337f,
alerts_sidecar_20260331T173557Z,2026-03-31T17:36:00Z,2026-03-31T17:35:57Z,2026-03-31T17:30:00Z,2026-03-31T18:00:00Z,live,ok,live_endpoint,,TTC-PULSE/alerts/raw_snapshots/alerts_20260331T173557Z.pb,TTC-PULSE/alerts/raw_snapshots/alerts_20260331T173557Z.pb,3503,6df10b6b23540f2edc7ae91884409fb821c37f0904f190324e91704ab6116c63,
alerts_sidecar_20260331T173557Z,2026-03-31T17:36:00Z,2026-03-31T17:35:57Z,2026-03-31T17:30:00Z,2026-03-31T18:00:00Z,live,ok,live_endpoint,,TTC-PULSE/alerts/raw_snapshots/alerts_20260331T173557Z.pb,TTC-PULSE/alerts/raw_snapshots/alerts_20260331T173557Z.pb,3573,bf5134eebfbd43c6c9c1504766d3e54ed85854f11ff646356c1893b680496e54,
alerts_sidecar_20260331T173613Z,2026-03-31T17:36:15Z,2026-03-31T17:36:13Z,2026-03-31T17:30:00Z,2026-03-31T18:00:00Z,live,ok,live_endpoint,,TTC-PULSE/alerts/raw_snapshots/alerts_20260331T173613Z.pb,TTC-PULSE/alerts/raw_snapshots/alerts_20260331T173613Z.pb,11885,ad60c2fd0186914016f7eb9e267a2769cde0dea44a687f39fefd4230d374b9f6,
alerts_sidecar_20260331T173613Z,2026-03-31T17:36:15Z,2026-03-31T17:36:13Z,2026-03-31T17:30:00Z,2026-03-31T18:00:00Z,live,ok,live_endpoint,,TTC-PULSE/alerts/raw_snapshots/alerts_20260331T173613Z.pb,TTC-PULSE/alerts/raw_snapshots/alerts_20260331T173613Z.pb,3503,193a763bd489e12abe3a9e65cd52d7dc04d24819aed7ceb952aba4ee7c9916e2,
alerts_sidecar_20260331T173613Z,2026-03-31T17:36:15Z,2026-03-31T17:36:13Z,2026-03-31T17:30:00Z,2026-03-31T18:00:00Z,live,ok,live_endpoint,,TTC-PULSE/alerts/raw_snapshots/alerts_20260331T173613Z.pb,TTC-PULSE/alerts/raw_snapshots/alerts_20260331T173613Z.pb,3573,c3cf4f7151c3257408bad54eb26bac7b1b5a3d98403f7245d0e54640b7d7795d,
alerts_sidecar_20260331T173627Z,2026-03-31T17:36:29Z,2026-03-31T17:36:27Z,2026-03-31T17:30:00Z,2026-03-31T18:00:00Z,live,ok,live_endpoint,,TTC-PULSE/alerts/raw_snapshots/alerts_20260331T173627Z.pb,TTC-PULSE/alerts/raw_snapshots/alerts_20260331T173627Z.pb,11885,ace643106a0528bcb7c2c8b1a468c5b089eb198a76745839ec3e5ec7ecdf31d9,
alerts_sidecar_20260331T173627Z,2026-03-31T17:36:30Z,2026-03-31T17:36:27Z,2026-03-31T17:30:00Z,2026-03-31T18:00:00Z,live,ok,live_endpoint,,TTC-PULSE/alerts/raw_snapshots/alerts_20260331T173627Z.pb,TTC-PULSE/alerts/raw_snapshots/alerts_20260331T173627Z.pb,3503,a1c6b40d70e6b13c4cbbcb7cbe389fc727ca9805e07acd2135928d74f6f74d9e,
alerts_sidecar_20260331T173627Z,2026-03-31T17:36:30Z,2026-03-31T17:36:27Z,2026-03-31T17:30:00Z,2026-03-31T18:00:00Z,live,ok,live_endpoint,,TTC-PULSE/alerts/raw_snapshots/alerts_20260331T173627Z.pb,TTC-PULSE/alerts/raw_snapshots/alerts_20260331T173627Z.pb,3573,8e48c5ca5f2f0c496ff0a84872d66b64d9d8706c9f0b6191323b616379455fd4,
alerts_sidecar_20260331T173657Z,2026-03-31T17:37:00Z,2026-03-31T17:36:57Z,2026-03-31T17:30:00Z,2026-03-31T18:00:00Z,live,ok,live_endpoint,,TTC-PULSE/alerts/raw_snapshots/alerts_20260331T173657Z.pb,TTC-PULSE/alerts/raw_snapshots/alerts_20260331T173657Z.pb,11885,29ceae57440fa8019103770cfe65b56cf1a8f2f1ce1f498a6921597d75dd540a,
alerts_sidecar_20260331T173657Z,2026-03-31T17:37:00Z,2026-03-31T17:36:57Z,2026-03-31T17:30:00Z,2026-03-31T18:00:00Z,live,ok,live_endpoint,,TTC-PULSE/alerts/raw_snapshots/alerts_20260331T173657Z.pb,TTC-PULSE/alerts/raw_snapshots/alerts_20260331T173657Z.pb,3503,5b77984125f0e9d78ae668b02f0ea5df948a06048e6febc8e55e8b7662a167fb,
alerts_sidecar_20260331T173657Z,2026-03-31T17:37:00Z,2026-03-31T17:36:57Z,2026-03-31T17:30:00Z,2026-03-31T18:00:00Z,live,ok,live_endpoint,,TTC-PULSE/alerts/raw_snapshots/alerts_20260331T173657Z.pb,TTC-PULSE/alerts/raw_snapshots/alerts_20260331T173657Z.pb,3573,9630066f33d5b1240a27eeb487b7cdd75e8b653a8d55a0c9e6652445dde03026,
alerts_sidecar_20260331T173727Z,2026-03-31T17:37:29Z,2026-03-31T17:37:27Z,2026-03-31T17:30:00Z,2026-03-31T18:00:00Z,live,ok,live_endpoint,,TTC-PULSE/alerts/raw_snapshots/alerts_20260331T173727Z.pb,TTC-PULSE/alerts/raw_snapshots/alerts_20260331T173727Z.pb,11885,9fbe584db5f398abe68f95fd3628a4745549a5161c509b69e331cb4e26eff6a8,
alerts_sidecar_20260331T173727Z,2026-03-31T17:37:30Z,2026-03-31T17:37:27Z,2026-03-31T17:30:00Z,2026-03-31T18:00:00Z,live,ok,live_endpoint,,TTC-PULSE/alerts/raw_snapshots/alerts_20260331T173727Z.pb,TTC-PULSE/alerts/raw_snapshots/alerts_20260331T173727Z.pb,3503,314f0d1bcf8939486d61b3e27fc4b90919f8ee852d48cdb777bf29d501b610c5,
alerts_sidecar_20260331T173727Z,2026-03-31T17:37:30Z,2026-03-31T17:37:27Z,2026-03-31T17:30:00Z,2026-03-31T18:00:00Z,live,ok,live_endpoint,,TTC-PULSE/alerts/raw_snapshots/alerts_20260331T173727Z.pb,TTC-PULSE/alerts/raw_snapshots/alerts_20260331T173727Z.pb,3573,99fe52d9682a16b00a93784a30b4d17c7c8d2e199a87ace89f08ff68559396e1,
alerts_sidecar_20260331T173757Z,2026-03-31T17:38:00Z,2026-03-31T17:37:57Z,2026-03-31T17:30:00Z,2026-03-31T18:00:00Z,live,ok,live_endpoint,,TTC-PULSE/alerts/raw_snapshots/alerts_20260331T173757Z.pb,TTC-PULSE/alerts/raw_snapshots/alerts_20260331T173757Z.pb,11885,39f9f20e1c134c168314f8231a0795ef47af414202003437c22ef949512c10aa,
alerts_sidecar_20260331T173757Z,2026-03-31T17:38:00Z,2026-03-31T17:37:57Z,2026-03-31T17:30:00Z,2026-03-31T18:00:00Z,live,ok,live_endpoint,,TTC-PULSE/alerts/raw_snapshots/alerts_20260331T173757Z.pb,TTC-PULSE/alerts/raw_snapshots/alerts_20260331T173757Z.pb,3503,a44ac2e976ec1a94ce867a62848ea3fba1d5659cdb1dbf169981abf287fa877f,
alerts_sidecar_20260331T173757Z,2026-03-31T17:38:00Z,2026-03-31T17:37:57Z,2026-03-31T17:30:00Z,2026-03-31T18:00:00Z,live,ok,live_endpoint,,TTC-PULSE/alerts/raw_snapshots/alerts_20260331T173757Z.pb,TTC-PULSE/alerts/raw_snapshots/alerts_20260331T173757Z.pb,3573,f724846aee80727a05293eca486f7c5b9285c32cc6597748f6843fa8848c9689,
alerts_sidecar_20260331T173827Z,2026-03-31T17:38:30Z,2026-03-31T17:38:27Z,2026-03-31T17:30:00Z,2026-03-31T18:00:00Z,live,ok,live_endpoint,,TTC-PULSE/alerts/raw_snapshots/alerts_20260331T173827Z.pb,TTC-PULSE/alerts/raw_snapshots/alerts_20260331T173827Z.pb,11885,50fdf4568fff4e67398907c73bb4266d9126961c41fc4e8b27bcd5845880ac71,
alerts_sidecar_20260331T173827Z,2026-03-31T17:38:30Z,2026-03-31T17:38:27Z,2026-03-31T17:30:00Z,2026-03-31T18:00:00Z,live,ok,live_endpoint,,TTC-PULSE/alerts/raw_snapshots/alerts_20260331T173827Z.pb,TTC-PULSE/alerts/raw_snapshots/alerts_20260331T173827Z.pb,3503,da041f9d25985e6a630f092d95384c3679a7338ce7b97e689c930b4f1cb16179,
alerts_sidecar_20260331T173827Z,2026-03-31T17:38:30Z,2026-03-31T17:38:27Z,2026-03-31T17:30:00Z,2026-03-31T18:00:00Z,live,ok,live_endpoint,,TTC-PULSE/alerts/raw_snapshots/alerts_20260331T173827Z.pb,TTC-PULSE/alerts/raw_snapshots/alerts_20260331T173827Z.pb,3573,489fa72dee885af4864d616f0591b7dee605951a05a4f84634402abe10f990e5,
alerts_sidecar_20260331T174320Z,2026-03-31T17:43:22Z,2026-03-31T17:43:20Z,2026-03-31T17:30:00Z,2026-03-31T18:00:00Z,live,ok,live_endpoint,,TTC-PULSE/alerts/raw_snapshots/alerts_20260331T174320Z.pb,TTC-PULSE/alerts/raw_snapshots/alerts_20260331T174320Z.pb,11885,e501b799d29f918bdcfbb488108a6ce9cbcbf7a669d46673d9aa956cbfeda3a9,
alerts_sidecar_20260331T174320Z,2026-03-31T17:43:22Z,2026-03-31T17:43:20Z,2026-03-31T17:30:00Z,2026-03-31T18:00:00Z,live,ok,live_endpoint,,TTC-PULSE/alerts/raw_snapshots/alerts_20260331T174320Z.pb,TTC-PULSE/alerts/raw_snapshots/alerts_20260331T174320Z.pb,3503,657e87cb3c1cb2ebba1281c60a99f6ed217b8064b71038045ba33b4ee62eb307,
alerts_sidecar_20260331T174320Z,2026-03-31T17:43:22Z,2026-03-31T17:43:20Z,2026-03-31T17:30:00Z,2026-03-31T18:00:00Z,live,ok,live_endpoint,,TTC-PULSE/alerts/raw_snapshots/alerts_20260331T174320Z.pb,TTC-PULSE/alerts/raw_snapshots/alerts_20260331T174320Z.pb,3573,f5a1507aa89d576c0d16689c65aad85e5d5f7240cf2cb9a8aa992a2d28940cf1,
alerts_sidecar_20260331T174333Z,2026-03-31T17:43:34Z,2026-03-31T17:43:33Z,2026-03-31T17:30:00Z,2026-03-31T18:00:00Z,live,ok,live_endpoint,,TTC-PULSE/alerts/raw_snapshots/alerts_20260331T174333Z.pb,TTC-PULSE/alerts/raw_snapshots/alerts_20260331T174333Z.pb,11885,4f3af4a8d23d688448c0e1ed699e31aac425f03c784395d2c715259614771b95,
alerts_sidecar_20260331T174333Z,2026-03-31T17:43:34Z,2026-03-31T17:43:33Z,2026-03-31T17:30:00Z,2026-03-31T18:00:00Z,live,ok,live_endpoint,,TTC-PULSE/alerts/raw_snapshots/alerts_20260331T174333Z.pb,TTC-PULSE/alerts/raw_snapshots/alerts_20260331T174333Z.pb,3503,735406dd5294f71269157d86b2cf626eacbfd7bbfaf8975a50d148d29a1a45fc,
alerts_sidecar_20260331T174333Z,2026-03-31T17:43:34Z,2026-03-31T17:43:33Z,2026-03-31T17:30:00Z,2026-03-31T18:00:00Z,live,ok,live_endpoint,,TTC-PULSE/alerts/raw_snapshots/alerts_20260331T174333Z.pb,TTC-PULSE/alerts/raw_snapshots/alerts_20260331T174333Z.pb,3573,630b9b35b9716dcfdb85d366c2cbae592b92f403cbab23658cd49c9bb52d31d0,
alerts_sidecar_20260331T174350Z,2026-03-31T17:43:52Z,2026-03-31T17:43:50Z,2026-03-31T17:30:00Z,2026-03-31T18:00:00Z,live,ok,live_endpoint,,TTC-PULSE/alerts/raw_snapshots/alerts_20260331T174350Z.pb,TTC-PULSE/alerts/raw_snapshots/alerts_20260331T174350Z.pb,11885,4d99f2263b7b52b929be320dac80521db5f254bdb46387f588342ab68443e940,
alerts_sidecar_20260331T174350Z,2026-03-31T17:43:52Z,2026-03-31T17:43:50Z,2026-03-31T17:30:00Z,2026-03-31T18:00:00Z,live,ok,live_endpoint,,TTC-PULSE/alerts/raw_snapshots/alerts_20260331T174350Z.pb,TTC-PULSE/alerts/raw_snapshots/alerts_20260331T174350Z.pb,3503,767120a1c3e570e76af97b1cd47308bc68ae4a84c66a185b845cab937e09719d,
alerts_sidecar_20260331T174350Z,2026-03-31T17:43:53Z,2026-03-31T17:43:50Z,2026-03-31T17:30:00Z,2026-03-31T18:00:00Z,live,ok,live_endpoint,,TTC-PULSE/alerts/raw_snapshots/alerts_20260331T174350Z.pb,TTC-PULSE/alerts/raw_snapshots/alerts_20260331T174350Z.pb,3573,fb0a993f8aef4b791cb2ea347b3b00142ba8df039b575078b4f44db92ee3a058,
alerts_sidecar_20260331T174420Z,2026-03-31T17:44:22Z,2026-03-31T17:44:20Z,2026-03-31T17:30:00Z,2026-03-31T18:00:00Z,live,ok,live_endpoint,,TTC-PULSE/alerts/raw_snapshots/alerts_20260331T174420Z.pb,TTC-PULSE/alerts/raw_snapshots/alerts_20260331T174420Z.pb,11885,55703dd265261230396d50ee87fc44752f90daad092fdeda255d05aacf3b321b,
alerts_sidecar_20260331T174420Z,2026-03-31T17:44:22Z,2026-03-31T17:44:20Z,2026-03-31T17:30:00Z,2026-03-31T18:00:00Z,live,ok,live_endpoint,,TTC-PULSE/alerts/raw_snapshots/alerts_20260331T174420Z.pb,TTC-PULSE/alerts/raw_snapshots/alerts_20260331T174420Z.pb,3503,16883d7be5f3b007b9ff884f72b673cdfbd2bd604fcb63fffec27abbb02613f1,
alerts_sidecar_20260331T174420Z,2026-03-31T17:44:22Z,2026-03-31T17:44:20Z,2026-03-31T17:30:00Z,2026-03-31T18:00:00Z,live,ok,live_endpoint,,TTC-PULSE/alerts/raw_snapshots/alerts_20260331T174420Z.pb,TTC-PULSE/alerts/raw_snapshots/alerts_20260331T174420Z.pb,3573,f5f9a4718b885d5d6176d550226fcfc47674b69b6b0f7900e4e0a6cd23f3f790,
alerts_sidecar_20260331T201432Z,2026-03-31T20:14:33Z,2026-03-31T20:14:32Z,2026-03-31T20:00:00Z,2026-03-31T20:30:00Z,live,ok,live_endpoint,,TTC-PULSE/alerts/raw_snapshots/alerts_20260331T201432Z.pb,TTC-PULSE/alerts/raw_snapshots/alerts_20260331T201432Z.pb,11885,d9dad01958bb1ca1a5fef1dfeaa6ac456b5f89a4f5a6af3d33d1235108346ed2,
alerts_sidecar_20260331T201432Z,2026-03-31T20:14:33Z,2026-03-31T20:14:32Z,2026-03-31T20:00:00Z,2026-03-31T20:30:00Z,live,ok,live_endpoint,,TTC-PULSE/alerts/raw_snapshots/alerts_20260331T201432Z.pb,TTC-PULSE/alerts/raw_snapshots/alerts_20260331T201432Z.pb,3503,a14171119665b73c9597fbbf95457db2ac64df1596382015b0cefb9a10050eed,
alerts_sidecar_20260331T201432Z,2026-03-31T20:14:33Z,2026-03-31T20:14:32Z,2026-03-31T20:00:00Z,2026-03-31T20:30:00Z,live,ok,live_endpoint,,TTC-PULSE/alerts/raw_snapshots/alerts_20260331T201432Z.pb,TTC-PULSE/alerts/raw_snapshots/alerts_20260331T201432Z.pb,4200,63c1ef2373c7a9e01862c7372510a6fa9f2c021c6386deb89a784b6e401af6a0,
alerts_sidecar_20260331T201444Z,2026-03-31T20:14:45Z,2026-03-31T20:14:44Z,2026-03-31T20:00:00Z,2026-03-31T20:30:00Z,live,ok,live_endpoint,,TTC-PULSE/alerts/raw_snapshots/alerts_20260331T201444Z.pb,TTC-PULSE/alerts/raw_snapshots/alerts_20260331T201444Z.pb,11885,71fb23c4cde1b24d0803b654aa2468736c8e6fea26251f7883994fba12325655,
alerts_sidecar_20260331T201444Z,2026-03-31T20:14:45Z,2026-03-31T20:14:44Z,2026-03-31T20:00:00Z,2026-03-31T20:30:00Z,live,ok,live_endpoint,,TTC-PULSE/alerts/raw_snapshots/alerts_20260331T201444Z.pb,TTC-PULSE/alerts/raw_snapshots/alerts_20260331T201444Z.pb,3503,8a7da811ebd2eed52a1217b80ac29df88a1e081495ed2b7e7199883e0c4d1596,
alerts_sidecar_20260331T201444Z,2026-03-31T20:14:45Z,2026-03-31T20:14:44Z,2026-03-31T20:00:00Z,2026-03-31T20:30:00Z,live,ok,live_endpoint,,TTC-PULSE/alerts/raw_snapshots/alerts_20260331T201444Z.pb,TTC-PULSE/alerts/raw_snapshots/alerts_20260331T201444Z.pb,4200,4f580187bf80aa4a8c121f559ea467c6becb105f1efa86650e51c1077d6ce523,
alerts_sidecar_20260331T201502Z,2026-03-31T20:15:03Z,2026-03-31T20:15:02Z,2026-03-31T20:00:00Z,2026-03-31T20:30:00Z,live,ok,live_endpoint,,TTC-PULSE/alerts/raw_snapshots/alerts_20260331T201502Z.pb,TTC-PULSE/alerts/raw_snapshots/alerts_20260331T201502Z.pb,11885,0b8f16e055fd82758153a3eae1e19da379c62e3d4b5d6fbbdfda5a37fa01fd04,
alerts_sidecar_20260331T201502Z,2026-03-31T20:15:03Z,2026-03-31T20:15:02Z,2026-03-31T20:00:00Z,2026-03-31T20:30:00Z,live,ok,live_endpoint,,TTC-PULSE/alerts/raw_snapshots/alerts_20260331T201502Z.pb,TTC-PULSE/alerts/raw_snapshots/alerts_20260331T201502Z.pb,3503,a8e2d78f0ad5e0ebf5d76c9b2c24ccf18274c5fb5e20bdf8db0a8555ff3fe7da,
alerts_sidecar_20260331T201502Z,2026-03-31T20:15:03Z,2026-03-31T20:15:02Z,2026-03-31T20:00:00Z,2026-03-31T20:30:00Z,live,ok,live_endpoint,,TTC-PULSE/alerts/raw_snapshots/alerts_20260331T201502Z.pb,TTC-PULSE/alerts/raw_snapshots/alerts_20260331T201502Z.pb,4200,8b1418b8798fa892eb90bac6605ef465eddc98ddffa41f1f462c69734ae1ca58,
alerts_sidecar_20260331T201532Z,2026-03-31T20:15:33Z,2026-03-31T20:15:32Z,2026-03-31T20:00:00Z,2026-03-31T20:30:00Z,live,ok,live_endpoint,,TTC-PULSE/alerts/raw_snapshots/alerts_20260331T201532Z.pb,TTC-PULSE/alerts/raw_snapshots/alerts_20260331T201532Z.pb,11885,205b1ada3b00a59a0a760fdf46876538861f46281d30938607536776a58c49f4,
alerts_sidecar_20260331T201532Z,2026-03-31T20:15:33Z,2026-03-31T20:15:32Z,2026-03-31T20:00:00Z,2026-03-31T20:30:00Z,live,ok,live_endpoint,,TTC-PULSE/alerts/raw_snapshots/alerts_20260331T201532Z.pb,TTC-PULSE/alerts/raw_snapshots/alerts_20260331T201532Z.pb,3503,0f070004e17927bb9d4e5164d6257c4ae1d9d8b92aff1639474e33a76ef7dca0,
alerts_sidecar_20260331T201532Z,2026-03-31T20:15:33Z,2026-03-31T20:15:32Z,2026-03-31T20:00:00Z,2026-03-31T20:30:00Z,live,ok,live_endpoint,,TTC-PULSE/alerts/raw_snapshots/alerts_20260331T201532Z.pb,TTC-PULSE/alerts/raw_snapshots/alerts_20260331T201532Z.pb,4200,01c871a0a44715ab34769c6ec5f9f91ee9d980f955cadde54d27f62c7202a387,
